{"pages":["arial.png"],"chars":[{"id":1092,"index":487,"char":"ф","width":32,"height":47,"xoffset":0,"yoffset":4,"xadvance":32,"chnl":15,"x":0,"y":0,"page":0},{"id":92,"index":66,"char":"\\","width":23,"height":41,"xoffset":-3,"yoffset":4,"xadvance":17,"chnl":15,"x":0,"y":48,"page":0},{"id":1088,"index":483,"char":"р","width":25,"height":38,"xoffset":2,"yoffset":13,"xadvance":27,"chnl":15,"x":0,"y":90,"page":0},{"id":1078,"index":473,"char":"ж","width":38,"height":27,"xoffset":-2,"yoffset":13,"xadvance":34,"chnl":15,"x":24,"y":48,"page":0},{"id":1073,"index":468,"char":"б","width":26,"height":38,"xoffset":1,"yoffset":2,"xadvance":26,"chnl":15,"x":33,"y":0,"page":0},{"id":1081,"index":476,"char":"й","width":23,"height":37,"xoffset":2,"yoffset":3,"xadvance":27,"chnl":15,"x":60,"y":0,"page":0},{"id":1091,"index":486,"char":"у","width":26,"height":37,"xoffset":-2,"yoffset":13,"xadvance":22,"chnl":15,"x":0,"y":129,"page":0},{"id":1097,"index":492,"char":"щ","width":37,"height":35,"xoffset":2,"yoffset":13,"xadvance":38,"chnl":15,"x":26,"y":76,"page":0},{"id":1110,"index":504,"char":"і","width":9,"height":37,"xoffset":1,"yoffset":3,"xadvance":11,"chnl":15,"x":63,"y":38,"page":0},{"id":1102,"index":497,"char":"ю","width":36,"height":28,"xoffset":2,"yoffset":13,"xadvance":37,"chnl":15,"x":0,"y":167,"page":0},{"id":1094,"index":489,"char":"ц","width":27,"height":35,"xoffset":2,"yoffset":13,"xadvance":27,"chnl":15,"x":27,"y":112,"page":0},{"id":1111,"index":505,"char":"ї","width":17,"height":35,"xoffset":-3,"yoffset":5,"xadvance":11,"chnl":15,"x":0,"y":196,"page":0},{"id":1076,"index":471,"char":"д","width":27,"height":35,"xoffset":-2,"yoffset":13,"xadvance":25,"chnl":15,"x":18,"y":196,"page":0},{"id":1096,"index":491,"char":"ш","width":33,"height":27,"xoffset":2,"yoffset":13,"xadvance":37,"chnl":15,"x":37,"y":148,"page":0},{"id":1084,"index":479,"char":"м","width":29,"height":27,"xoffset":2,"yoffset":13,"xadvance":32,"chnl":15,"x":55,"y":112,"page":0},{"id":1077,"index":472,"char":"е","width":24,"height":28,"xoffset":0,"yoffset":13,"xadvance":24,"chnl":15,"x":64,"y":76,"page":0},{"id":1079,"index":474,"char":"з","width":21,"height":28,"xoffset":0,"yoffset":13,"xadvance":20,"chnl":15,"x":73,"y":38,"page":0},{"id":1072,"index":467,"char":"а","width":22,"height":28,"xoffset":0,"yoffset":13,"xadvance":23,"chnl":15,"x":84,"y":0,"page":0},{"id":1086,"index":481,"char":"о","width":27,"height":28,"xoffset":0,"yoffset":13,"xadvance":27,"chnl":15,"x":46,"y":176,"page":0},{"id":1108,"index":502,"char":"є","width":21,"height":28,"xoffset":0,"yoffset":13,"xadvance":21,"chnl":15,"x":71,"y":140,"page":0},{"id":1089,"index":484,"char":"с","width":21,"height":28,"xoffset":0,"yoffset":13,"xadvance":21,"chnl":15,"x":85,"y":105,"page":0},{"id":1082,"index":477,"char":"к","width":23,"height":27,"xoffset":2,"yoffset":13,"xadvance":23,"chnl":15,"x":89,"y":67,"page":0},{"id":1085,"index":480,"char":"н","width":23,"height":27,"xoffset":2,"yoffset":13,"xadvance":26,"chnl":15,"x":95,"y":29,"page":0},{"id":1075,"index":470,"char":"г","width":17,"height":27,"xoffset":2,"yoffset":13,"xadvance":18,"chnl":15,"x":107,"y":0,"page":0},{"id":1093,"index":488,"char":"х","width":24,"height":27,"xoffset":-1,"yoffset":13,"xadvance":21,"chnl":15,"x":46,"y":205,"page":0},{"id":1074,"index":469,"char":"в","width":22,"height":27,"xoffset":2,"yoffset":13,"xadvance":24,"chnl":15,"x":71,"y":205,"page":0},{"id":1087,"index":482,"char":"п","width":23,"height":27,"xoffset":2,"yoffset":13,"xadvance":26,"chnl":15,"x":74,"y":169,"page":0},{"id":1083,"index":478,"char":"л","width":24,"height":27,"xoffset":-2,"yoffset":13,"xadvance":24,"chnl":15,"x":93,"y":134,"page":0},{"id":1103,"index":498,"char":"я","width":22,"height":27,"xoffset":-1,"yoffset":13,"xadvance":23,"chnl":15,"x":107,"y":95,"page":0},{"id":1095,"index":490,"char":"ч","width":23,"height":27,"xoffset":1,"yoffset":13,"xadvance":26,"chnl":15,"x":113,"y":57,"page":0},{"id":1080,"index":475,"char":"и","width":23,"height":27,"xoffset":2,"yoffset":13,"xadvance":27,"chnl":15,"x":119,"y":28,"page":0},{"id":1090,"index":485,"char":"т","width":21,"height":27,"xoffset":-1,"yoffset":13,"xadvance":19,"chnl":15,"x":125,"y":0,"page":0},{"id":1100,"index":495,"char":"ь","width":22,"height":27,"xoffset":2,"yoffset":13,"xadvance":23,"chnl":15,"x":94,"y":197,"page":0},{"id":46,"index":20,"char":".","width":9,"height":9,"xoffset":0,"yoffset":31,"xadvance":10,"chnl":15,"x":27,"y":148,"page":0}],"info":{"face":"arial","size":42,"bold":0,"italic":0,"charset":["й","ц","у","к","е","н","г","ш","щ","з","х","ї","ф","і","в","а","п","р","о","л","д","ж","є","я","ч","с","м","и","т","ь","б","ю",".","\\"],"unicode":1,"stretchH":100,"smooth":1,"aa":1,"padding":[2,2,2,2],"spacing":[0,0]},"common":{"lineHeight":45,"base":36,"scaleW":256,"scaleH":256,"pages":1,"packed":0,"alphaChnl":0,"redChnl":0,"greenChnl":0,"blueChnl":0},"distanceField":{"fieldType":"msdf","distanceRange":4},"kernings":[]}